{"name":"1a05b561-32b7-41c6-9063-4968c5457db1","id":"/providers/Microsoft.Flow/flows/1a05b561-32b7-41c6-9063-4968c5457db1","type":"Microsoft.Flow/flows","properties":{"apiId":"/providers/Microsoft.PowerApps/apis/shared_logicflows","displayName":"Get Office 365 Management Activity API Logs","definition":{"metadata":{"workflowEntityId":null,"processAdvisorMetadata":null,"flowclientsuspensionreason":"None","flowclientsuspensiontime":null,"creator":{"id":"08a5b26d-e908-49af-b8c6-e84d06beda87","type":"User","tenantId":"d2af3166-e76b-4d03-9942-fbc79d6b69f9"},"provisioningMethod":"FromDefinition","failureAlertSubscription":true,"clientLastModifiedTime":"2022-05-24T05:26:29.7878519Z"},"$schema":"https://schema.management.azure.com/providers/Microsoft.Logic/schemas/2016-06-01/workflowdefinition.json#","contentVersion":"1.0.0.0","parameters":{"$authentication":{"defaultValue":{},"type":"SecureObject"}},"triggers":{"Recurrence":{"recurrence":{"frequency":"Day","interval":1,"startTime":"2020-01-02T21:00:00.000Z"},"metadata":{"operationMetadataId":"ececeef8-e3f8-4afb-b397-172784b7f9c3"},"type":"Recurrence"}},"actions":{"Compose_-_Tenant_ID":{"runAfter":{"Compose_endTime_-_utcNow_-_yyyy-MM-ddThh:mm":["Succeeded"]},"metadata":{"operationMetadataId":"7d771443-6184-4795-9f03-60ed9729a84f"},"type":"Compose","inputs":"d2af3166-e76b-4d03-9942-fbc79d6b69f9"},"Compose_-_Client_ID":{"runAfter":{"Compose_-_Tenant_ID":["Succeeded"]},"metadata":{"operationMetadataId":"7003f8ea-2662-4453-8231-72789e831fba"},"type":"Compose","inputs":"89fa85d0-211e-4b1a-aee2-cbea5fa3d904"},"Compose_-_Client_Secret":{"runAfter":{"Compose_-_Client_ID":["Succeeded"]},"metadata":{"operationMetadataId":"db95ca31-fc26-404a-af6f-76ade982ddce"},"type":"Compose","inputs":"SnNi0Ax_yBrO_iu.LR9.53b3mrLPHI22mE"},"HTTP_-_Get_Token":{"runAfter":{"Compose_-_Site_To_Filter_On":["Succeeded"]},"metadata":{"operationMetadataId":"2b28d09d-f540-4702-8e64-b2c557fd2370"},"type":"Http","inputs":{"method":"POST","uri":"https://login.microsoftonline.com/@{outputs('Compose_-_Tenant_ID')}/oauth2/token","headers":{"Content-Type":"application/x-www-form-urlencoded"},"body":"client_id=@{outputs('Compose_-_Client_ID')}&client_Secret=@{outputs('Compose_-_Client_Secret')}&resource=https://manage.office.com&grant_type=client_credentials"}},"Initialize_variable_varLogsArray":{"runAfter":{},"metadata":{"operationMetadataId":"40e25f59-c63d-4eed-90e6-af7826ee7f71"},"type":"InitializeVariable","inputs":{"variables":[{"name":"varLogsArray","type":"Array"}]}},"Compose_-_startTime_-_utcNow_minus_24_hours_-_yyyy-MM-ddThh:mm":{"runAfter":{"Initialize_variable_string_NextPageUri":["Succeeded"]},"metadata":{"operationMetadataId":"644d1da7-c67a-4eb6-ab06-0f8287f219d7"},"type":"Compose","inputs":"@formatDateTime(subtractFromTime(utcNow(),24,'Hour'),'yyyy-MM-ddThh:mm')","description":"formatDateTime(subtractFromTime(utcNow(),24,'Hour'),'yyyy-MM-ddThh:mm')"},"Compose_endTime_-_utcNow_-_yyyy-MM-ddThh:mm":{"runAfter":{"Compose_-_startTime_-_utcNow_minus_24_hours_-_yyyy-MM-ddThh:mm":["Succeeded"]},"metadata":{"operationMetadataId":"8aa7fc7f-ae39-4f00-8f97-b05622e60588"},"type":"Compose","inputs":"@formatDateTime(utcNow(), 'yyyy-MM-ddThh:mm')","description":"formatDateTime(utcNow(), 'yyyy-MM-ddThh:mm')"},"Compose_-_Workload_to_Filter":{"runAfter":{"Compose_-_Client_Secret":["Succeeded"]},"metadata":{"operationMetadataId":"3187d503-252e-4833-91b4-7c9c42c3cf07"},"type":"Compose","inputs":"SharePoint"},"Compose_-_Site_To_Filter_On":{"runAfter":{"Compose_-_Workload_to_Filter":["Succeeded"]},"metadata":{"operationMetadataId":"488e38c8-3f4c-45fc-92a7-81116f077276"},"type":"Compose","inputs":"https://leonarmstondev.sharepoint.com/sites/LondonUnderground"},"Apply_to_each":{"foreach":"@variables('array_workloads')","actions":{"HTTP_-_Start_Subscription":{"runAfter":{},"metadata":{"operationMetadataId":"5ede93f3-feb7-4d5a-a912-71cc9f4db8be"},"type":"Http","inputs":{"method":"POST","uri":"https://manage.office.com/api/v1.0/@{outputs('Compose_-_Tenant_ID')}/activity/feed/subscriptions/start?contentType=@{item()}","headers":{"Authorization":" @{concat(body('HTTP_-_Get_Token')?['token_type'],' ',body('HTTP_-_Get_Token')?['access_token'])}","Content-Type":"application/json"}}},"HTTP_-_Get_Content_Blobs":{"runAfter":{"Set_variable":["Succeeded"]},"metadata":{"operationMetadataId":"31157cca-0e32-4739-ad0c-5dcb4c2d81b1"},"type":"Http","inputs":{"method":"GET","uri":"https://manage.office.com/api/v1.0/@{outputs('Compose_-_Tenant_ID')}/activity/feed/subscriptions/content?contentType=@{item()}&startTime=@{outputs('Compose_-_startTime_-_utcNow_minus_24_hours_-_yyyy-MM-ddThh:mm')}&endTime=@{outputs('Compose_endTime_-_utcNow_-_yyyy-MM-ddThh:mm')}","headers":{"Authorization":"@{concat(body('HTTP_-_Get_Token')?['token_type'],' ',body('HTTP_-_Get_Token')?['access_token'])}","Content-Type":"application/json"}}},"Apply_to_each_-_Get_Content_Blob(s)":{"foreach":"@body('HTTP_-_Get_Content_Blobs')","actions":{"HTTP_-_Get_Content_Blob":{"runAfter":{},"metadata":{"operationMetadataId":"da65e9cf-6540-4564-84e4-5cbcdf895972"},"type":"Http","inputs":{"method":"GET","uri":"@{item()['contentUri']}","headers":{"Authorization":"@{concat(body('HTTP_-_Get_Token')?['token_type'],' ',body('HTTP_-_Get_Token')?['access_token'])}","Content-Type":"application/json"}}},"Filter_array_workload_SharePoint":{"runAfter":{"HTTP_-_Get_Content_Blob":["Succeeded"]},"metadata":{"operationMetadataId":"2a57be90-52ba-4c44-b9f9-337f6684f78d"},"type":"Query","inputs":{"from":"@json(body('HTTP_-_Get_Content_Blob'))","where":"@and(equals(item()?['Workload'], outputs('Compose_-_Workload_to_Filter')), contains(item()?['ObjectId'], outputs('Compose_-_Site_To_Filter_On')))"}},"Apply_to_each_-_Content_Blob_Item":{"foreach":"@json(body('HTTP_-_Get_Content_Blob'))","actions":{"Append_to_array_variable_varLogsArray":{"runAfter":{},"metadata":{"operationMetadataId":"fe98943b-947a-437e-9582-f82134b72326"},"type":"AppendToArrayVariable","inputs":{"name":"varLogsArray","value":"@items('Apply_to_each_-_Content_Blob_Item')"}}},"runAfter":{"Filter_array_workload_SharePoint":["Succeeded"]},"metadata":{"operationMetadataId":"2c8dad90-810a-48ff-9297-b293bacae64d"},"type":"Foreach"}},"runAfter":{"HTTP_-_Get_Content_Blobs":["Succeeded"]},"metadata":{"operationMetadataId":"b9332b09-2b94-4647-b516-5aac8497768e"},"type":"Foreach"},"Compose":{"runAfter":{"Condition_if_NextPageUri_in_Headers":["Succeeded"]},"metadata":{"operationMetadataId":"9f9641ab-c24f-4ac8-86ce-85b69e1638a6"},"type":"Compose","inputs":"@variables('varLogsArray')"},"Set_variable":{"runAfter":{"HTTP_-_Start_Subscription":["Succeeded","Failed"]},"metadata":{"operationMetadataId":"b43d0200-3adc-4d7a-b057-8b9233dbfb44"},"type":"SetVariable","inputs":{"name":"varLogsArray","value":[]}},"Compose_2":{"runAfter":{"Apply_to_each_-_Get_Content_Blob(s)":["Succeeded"]},"metadata":{"operationMetadataId":"b7164090-92d2-464a-bbd6-27b0e709b9ba"},"type":"Compose","inputs":"@{outputs('HTTP_-_Get_Content_Blobs')['headers']['server']}\n\n\n@{if(\r\n\tcontains(outputs('HTTP_-_Get_Content_Blobs')['headers'], 'NextPageUri'),\r\n\toutputs('HTTP_-_Get_Content_Blobs')['headers']['NextPageUri'],\r\n\tnull\r\n)}\n "},"Condition_if_NextPageUri_in_Headers":{"actions":{"Do_until_More_Pages":{"actions":{"HTTP_-_Get_Content_Blobs_2":{"runAfter":{},"metadata":{"operationMetadataId":"09481c92-048a-4959-961f-18fd3a8df9f3"},"type":"Http","inputs":{"method":"GET","uri":"@variables('string_NextPageUri')","headers":{"Authorization":"@{concat(body('HTTP_-_Get_Token')?['token_type'], ' ', body('HTTP_-_Get_Token')?['access_token'])}","Content-Type":"application/json"}}},"Apply_to_each_-_Get_Content_Blob(s)_2":{"foreach":"@body('HTTP_-_Get_Content_Blobs_2')","actions":{"HTTP_-_Get_Content_Blob_2":{"runAfter":{},"metadata":{"operationMetadataId":"34b72d64-fadd-4b1b-b2aa-307ac5f856e9"},"type":"Http","inputs":{"method":"GET","uri":"@{item()['contentUri']}","headers":{"Authorization":"@{concat(body('HTTP_-_Get_Token')?['token_type'], ' ', body('HTTP_-_Get_Token')?['access_token'])}","Content-Type":"application/json"}}},"Filter_array_workload_SharePoint_2":{"runAfter":{"HTTP_-_Get_Content_Blob_2":["Succeeded"]},"metadata":{"operationMetadataId":"52db044c-7165-41de-b8fe-a7e38ae6b22a"},"type":"Query","inputs":{"from":"@json(body('HTTP_-_Get_Content_Blob_2'))","where":"@and(equals(item()?['Workload'], outputs('Compose_-_Workload_to_Filter')), contains(item()?['ObjectId'], outputs('Compose_-_Site_To_Filter_On')))"}},"Apply_to_each_-_Content_Blob_Item_2":{"foreach":"@json(body('HTTP_-_Get_Content_Blob_2'))","actions":{"Append_to_array_variable_varLogsArray_2":{"runAfter":{},"metadata":{"operationMetadataId":"5ae98a2c-9db5-47ff-beef-6e821f065f1a"},"type":"AppendToArrayVariable","inputs":{"name":"varLogsArray","value":"@items('Apply_to_each_-_Content_Blob_Item_2')"}}},"runAfter":{"Filter_array_workload_SharePoint_2":["Succeeded"]},"metadata":{"operationMetadataId":"7c6d1ff2-c7d2-4e38-ae4d-9f93019aad8d"},"type":"Foreach"}},"runAfter":{"HTTP_-_Get_Content_Blobs_2":["Succeeded"]},"metadata":{"operationMetadataId":"3d899b23-3d3f-4d80-8d61-4b2c72b9ec2e"},"type":"Foreach"},"Condition_2":{"actions":{"Set_variable_3":{"runAfter":{},"metadata":{"operationMetadataId":"7e8aec7d-e3d0-4699-9ee4-9d73e9628493"},"type":"SetVariable","inputs":{"name":"string_NextPageUri","value":"@{outputs('HTTP_-_Get_Content_Blobs_2')['headers']['NextPageUri']}"}}},"runAfter":{"Apply_to_each_-_Get_Content_Blob(s)_2":["Succeeded"]},"else":{"actions":{"Set_variable_2":{"runAfter":{},"metadata":{"operationMetadataId":"3dd82449-5587-4a38-9b0c-1cba85acd2c8"},"type":"SetVariable","inputs":{"name":"bool_loopDone","value":"@true"}}}},"expression":{"not":{"equals":["@if(\r\n\tcontains(outputs('HTTP_-_Get_Content_Blobs_2')['headers'], 'NextPageUri'),\r\n\toutputs('HTTP_-_Get_Content_Blobs_2')['headers']['NextPageUri'],\r\n\tnull\r\n)","@null"]}},"metadata":{"operationMetadataId":"662e80a9-483a-4fc2-8f06-f20f153f8de0"},"type":"If"}},"runAfter":{"Set_variable_string_NextPageUri":["Succeeded"]},"expression":"@not(equals(variables('bool_loopDone'), false))","limit":{"count":60,"timeout":"PT1H"},"metadata":{"operationMetadataId":"dd2a5e00-58e2-436d-9e6b-4ab31dc51de0"},"type":"Until"},"Set_variable_string_NextPageUri":{"runAfter":{},"metadata":{"operationMetadataId":"c0e61369-6707-42a0-bea0-8e8615d0ecf4"},"type":"SetVariable","inputs":{"name":"string_NextPageUri","value":"@{outputs('HTTP_-_Get_Content_Blobs')['headers']['NextPageUri']}"}}},"runAfter":{"Compose_2":["Succeeded"]},"expression":{"not":{"equals":["@outputs('HTTP_-_Get_Content_Blobs')['headers']?['NextPageUri']","@null"]}},"metadata":{"operationMetadataId":"2424e1f3-5a3e-434e-af8f-1166f37c98fa"},"type":"If"}},"runAfter":{"HTTP_-_Get_Token":["Succeeded"]},"metadata":{"operationMetadataId":"2a6bd0d6-b411-4eae-a967-f2f8a8189750"},"type":"Foreach"},"Initialize_variable_array_workloads":{"runAfter":{"Initialize_variable_varLogsArray":["Succeeded"]},"metadata":{"operationMetadataId":"b011c813-1180-48d7-88f7-dcb27bbcc445"},"type":"InitializeVariable","inputs":{"variables":[{"name":"array_workloads","type":"array","value":["Audit.General","Audit.SharePoint","Audit.Exchange","Audit.AzureActiveDirectory"]}]}},"Initialize_variable_bool_loopDone":{"runAfter":{"Initialize_variable_array_workloads":["Succeeded"]},"metadata":{"operationMetadataId":"7f37f030-48c9-44b8-8916-64f0123adaf4"},"type":"InitializeVariable","inputs":{"variables":[{"name":"bool_loopDone","type":"boolean"}]}},"Initialize_variable_string_NextPageUri":{"runAfter":{"Initialize_variable_bool_loopDone":["Succeeded"]},"metadata":{"operationMetadataId":"1e177ea8-0c2d-435f-be06-6528604b868b"},"type":"InitializeVariable","inputs":{"variables":[{"name":"string_NextPageUri","type":"string"}]}}}},"connectionReferences":{},"flowFailureAlertSubscribed":false,"isManaged":false}}