{"name":"7dbabd6d-4f74-469c-b9f4-04e830fa1935","id":"/providers/Microsoft.Flow/flows/7dbabd6d-4f74-469c-b9f4-04e830fa1935","type":"Microsoft.Flow/flows","properties":{"apiId":"/providers/Microsoft.PowerApps/apis/shared_logicflows","displayName":"Test - Get Office 365 Management Activity API Logs - 2","definition":{"metadata":{"workflowEntityId":null,"flowclientsuspensionreason":"None","flowclientsuspensiontime":null,"creator":{"id":"08a5b26d-e908-49af-b8c6-e84d06beda87","type":"User","tenantId":"d2af3166-e76b-4d03-9942-fbc79d6b69f9"},"provisioningMethod":"FromDefinition","failureAlertSubscription":true,"clientLastModifiedTime":"2021-03-20T20:39:27.029946Z"},"$schema":"https://schema.management.azure.com/providers/Microsoft.Logic/schemas/2016-06-01/workflowdefinition.json#","contentVersion":"1.0.0.0","parameters":{"$authentication":{"defaultValue":{},"type":"SecureObject"}},"triggers":{"Recurrence":{"recurrence":{"frequency":"Day","interval":1,"startTime":"2020-01-02T21:00:00.000Z"},"type":"Recurrence"}},"actions":{"HTTP_-_Get_Token":{"runAfter":{"Initialize_variable_string_access_token":["Succeeded"]},"type":"Http","inputs":{"method":"POST","uri":"https://login.microsoftonline.com/@{body('Parse_JSON_-_Environment_Variables')?['tenantID']}/oauth2/token","headers":{"Content-Type":"application/x-www-form-urlencoded"},"body":"client_id=@{body('Parse_JSON_-_Environment_Variables')?['clientID']}&client_Secret=@{body('Parse_JSON_-_Environment_Variables')?['clientSecret']}&resource=https://manage.office.com&grant_type=client_credentials"}},"Initialize_variable_array_logs":{"runAfter":{"Compose_endTime_-_utcNow_-_yyyy-MM-ddThh:mm":["Succeeded"]},"type":"InitializeVariable","inputs":{"variables":[{"name":"array_logs","type":"Array"}]}},"Initialize_variable_array_workloads":{"runAfter":{"Initialize_variable_array_logs":["Succeeded"]},"type":"InitializeVariable","inputs":{"variables":[{"name":"array_workloads","type":"array","value":["Audit.General","Audit.SharePoint","Audit.Exchange","Audit.AzureActiveDirectory"]}]}},"Initialize_variable_bool_loopDone":{"runAfter":{"Initialize_variable_array_contenturi":["Succeeded"]},"type":"InitializeVariable","inputs":{"variables":[{"name":"bool_loopDone","type":"boolean"}]}},"Initialize_variable_string_NextPageUri":{"runAfter":{"Initialize_variable_bool_loopDone":["Succeeded"]},"type":"InitializeVariable","inputs":{"variables":[{"name":"string_NextPageUri","type":"string"}]}},"HTTP_-_Start_Subscription":{"runAfter":{"Set_variable_string_access_token":["Succeeded"]},"type":"Http","inputs":{"method":"POST","uri":"https://manage.office.com/api/v1.0/@{body('Parse_JSON_-_Environment_Variables')?['tenantID']}/activity/feed/subscriptions/start?contentType=@{body('Parse_JSON_-_Environment_Variables')?['workload']}","headers":{"Authorization":" @{variables('string_access_token')}","Content-Type":"application/json"}}},"Initialize_variable_string_access_token":{"runAfter":{"Initialize_variable_string_NextPageUri":["Succeeded"]},"type":"InitializeVariable","inputs":{"variables":[{"name":"string_access_token","type":"string"}]}},"Set_variable_string_access_token":{"runAfter":{"HTTP_-_Get_Token":["Succeeded"]},"type":"SetVariable","inputs":{"name":"string_access_token","value":"@{concat(body('HTTP_-_Get_Token')?['token_type'],' ',body('HTTP_-_Get_Token')?['access_token'])}"}},"Initialize_variable_array_contenturi":{"runAfter":{"Initialize_variable_array_workloads":["Succeeded"]},"type":"InitializeVariable","inputs":{"variables":[{"name":"array_contenturi","type":"array"}]}},"Apply_to_each_-_loop_through_ContentUris":{"foreach":"@variables('array_contenturi')","actions":{"HTTP_-_Get_Content_Blob":{"runAfter":{},"type":"Http","inputs":{"method":"GET","uri":"@{item()}","headers":{"Authorization":"@variables('string_access_token')","Content-Type":"application/json"}}},"Condition_If_401_-_Retry":{"actions":{"Delay_30_Seconds_To_Allow_Auth_To_Propogate":{"runAfter":{},"type":"Wait","inputs":{"interval":{"count":30,"unit":"Second"}}},"HTTP_-_Get_Token_Retry":{"runAfter":{"Delay_30_Seconds_To_Allow_Auth_To_Propogate":["Succeeded"]},"type":"Http","inputs":{"method":"POST","uri":"https://login.microsoftonline.com/@{body('Parse_JSON_-_Environment_Variables')?['tenantID']}/oauth2/token","headers":{"Authorization":"@variables('string_access_token')","Content-Type":"application/x-www-form-urlencoded"},"body":"client_id=@{body('Parse_JSON_-_Environment_Variables')?['clientID']}&client_Secret=@{body('Parse_JSON_-_Environment_Variables')?['clientSecret']}&resource=https://manage.office.com&grant_type=client_credentials"}},"Set_variable_string_access_token_retry":{"runAfter":{"HTTP_-_Get_Token_Retry":["Succeeded"]},"type":"SetVariable","inputs":{"name":"string_access_token","value":"@{concat(body('HTTP_-_Get_Token_Retry')?['token_type'],' ',body('HTTP_-_Get_Token_Retry')?['access_token'])}"}},"HTTP_-_Start_Subscription_Retry":{"runAfter":{"Set_variable_string_access_token_retry":["Succeeded"]},"type":"Http","inputs":{"method":"POST","uri":"https://manage.office.com/api/v1.0/@{body('Parse_JSON_-_Environment_Variables')?['tenantID']}/activity/feed/subscriptions/start?contentType=@{body('Parse_JSON_-_Environment_Variables')?['workload']}","headers":{"Authorization":"@variables('string_access_token')","Content-Type":"application/json"}}},"HTTP_-_Get_Content_Blob_Retry":{"runAfter":{"HTTP_-_Start_Subscription_Retry":["Succeeded","Failed"]},"type":"Http","inputs":{"method":"GET","uri":"@{item()}","headers":{"Authorization":"@variables('string_access_token')","Content-Type":"application/json"}}},"Compose_Join_Get_Objects_Results_with_array_blob_retry":{"runAfter":{"HTTP_-_Get_Content_Blob_Retry":["Succeeded"]},"type":"Compose","inputs":"@union(variables('array_logs'),json(body('HTTP_-_Get_Content_Blob_Retry')))"},"Set_variable_array_logs":{"runAfter":{"Compose_Join_Get_Objects_Results_with_array_blob_retry":["Succeeded"]},"type":"SetVariable","inputs":{"name":"array_logs","value":"@outputs('Compose_Join_Get_Objects_Results_with_array_blob_retry')"}}},"runAfter":{"HTTP_-_Get_Content_Blob":["Succeeded","Failed"]},"else":{"actions":{"Compose_Join_Get_Objects_Results_with_array_logs":{"runAfter":{},"type":"Compose","inputs":"@union(variables('array_logs'),json(body('HTTP_-_Get_Content_Blob')))"},"Set_variable_array_logs_normal":{"runAfter":{"Compose_Join_Get_Objects_Results_with_array_logs":["Succeeded"]},"type":"SetVariable","inputs":{"name":"array_logs","value":"@outputs('Compose_Join_Get_Objects_Results_with_array_logs')"}}}},"expression":{"equals":["@outputs('HTTP_-_Get_Content_Blob')['statusCode']",401]},"type":"If"}},"runAfter":{"Compose_Report_Number_of_ContentUris":["Succeeded"]},"type":"Foreach"},"Compose_-_Show_array_logs":{"runAfter":{"Apply_to_each_-_loop_through_ContentUris":["Succeeded"]},"type":"Compose","inputs":"@variables('array_logs')"},"Compose_Report_Number_of_ContentUris":{"runAfter":{"Scope_-_Get_ContentUris":["Succeeded"]},"type":"Compose","inputs":"@{length(variables('array_contenturi'))} items in variable array_contenturi"},"Scope_-_Get_ContentUris":{"actions":{"HTTP_-_Get_Content_Blobs":{"runAfter":{},"type":"Http","inputs":{"method":"GET","uri":"https://manage.office.com/api/v1.0/@{body('Parse_JSON_-_Environment_Variables')?['tenantID']}/activity/feed/subscriptions/content?contentType=@{body('Parse_JSON_-_Environment_Variables')?['workload']}&startTime=@{outputs('Compose_-_startTime_-_utcNow_minus_24_hours_-_yyyy-MM-ddThh:mm')}&endTime=@{outputs('Compose_endTime_-_utcNow_-_yyyy-MM-ddThh:mm')}","headers":{"Authorization":"@variables('string_access_token')","Content-Type":"application/json"}}},"Compose_Testing_Values":{"runAfter":{"HTTP_-_Get_Content_Blobs":["Succeeded"]},"type":"Compose","inputs":"@{length(body('HTTP_-_Get_Content_Blobs'))}\n@{utcNow()}\n@{outputs('HTTP_-_Get_Content_Blobs')['headers']}\n@{outputs('HTTP_-_Get_Content_Blobs')['headers']?['NextPageUri']}\n@{outputs('HTTP_-_Get_Content_Blobs')['headers']?['X-Powered-By']}"},"Apply_to_each_-_Get_Content_Blob(s)":{"foreach":"@body('HTTP_-_Get_Content_Blobs')","actions":{"Append_to_array_variable":{"runAfter":{},"type":"AppendToArrayVariable","inputs":{"name":"array_contenturi","value":"@item()['contentUri']"}}},"runAfter":{"Compose_Testing_Values":["Succeeded"]},"type":"Foreach","runtimeConfiguration":{"concurrency":{"repetitions":50}}},"Condition_if_NextPageUri_in_Headers":{"actions":{"Set_variable_string_NextPageUri":{"runAfter":{},"type":"SetVariable","inputs":{"name":"string_NextPageUri","value":"@{outputs('HTTP_-_Get_Content_Blobs')['headers']['NextPageUri']}"}},"Do_until_More_NextPageUri":{"actions":{"Apply_to_each_-_Get_Content_Blob(s)_NextPageUri":{"foreach":"@body('HTTP_-_Get_Content_Blobs_NextPageUri')","actions":{"Append_to_array_variable_2":{"runAfter":{},"type":"AppendToArrayVariable","inputs":{"name":"array_contenturi","value":"@item()['contentUri']"}}},"runAfter":{"Condition_-_If_Status_Code_401":["Succeeded"]},"type":"Foreach","runtimeConfiguration":{"concurrency":{"repetitions":50}}},"HTTP_-_Get_Content_Blobs_NextPageUri":{"runAfter":{},"type":"Http","inputs":{"method":"GET","uri":"@variables('string_NextPageUri')","headers":{"Authorization":"@variables('string_access_token')","Content-Type":"application/json"}}},"Condition_-_If_Status_Code_401":{"actions":{"HTTP_-_Get_Token_Refresh_Token":{"runAfter":{},"type":"Http","inputs":{"method":"POST","uri":"https://login.microsoftonline.com/@{body('Parse_JSON_-_Environment_Variables')?['tenantID']}/oauth2/token","headers":{"Content-Type":"application/x-www-form-urlencoded"},"body":"client_id=@{body('Parse_JSON_-_Environment_Variables')?['clientID']}&client_Secret=@{body('Parse_JSON_-_Environment_Variables')?['clientSecret']}&resource=https://manage.office.com&grant_type=client_credentials"}},"Set_variable_string_access_token_Refresh_Token":{"runAfter":{"HTTP_-_Get_Token_Refresh_Token":["Succeeded"]},"type":"SetVariable","inputs":{"name":"string_access_token","value":"@{concat(body('HTTP_-_Get_Token_Refresh_Token')?['token_type'],' ',body('HTTP_-_Get_Token_Refresh_Token')?['access_token'])}"}},"HTTP_-_Get_Content_Blobs_NextPageUri_2":{"runAfter":{"Set_variable_string_access_token_Refresh_Token":["Succeeded"]},"type":"Http","inputs":{"method":"GET","uri":"@variables('string_NextPageUri')","headers":{"Authorization":"@variables('string_access_token')","Content-Type":"application/json"}}}},"runAfter":{"HTTP_-_Get_Content_Blobs_NextPageUri":["Succeeded"]},"expression":{"equals":["@outputs('HTTP_-_Get_Content_Blobs_NextPageUri')['statusCode']",401]},"type":"If"},"Condition_check_if_NextPageUri":{"actions":{"Set_variable_string_NextPageUri_Further":{"runAfter":{},"type":"SetVariable","inputs":{"name":"string_NextPageUri","value":"@{outputs('HTTP_-_Get_Content_Blobs_NextPageUri')['headers']['NextPageUri']}"}}},"runAfter":{"Apply_to_each_-_Get_Content_Blob(s)_NextPageUri":["Succeeded"]},"else":{"actions":{"Set_variable_bool_loopDone_True":{"runAfter":{},"type":"SetVariable","inputs":{"name":"bool_loopDone","value":"@true"}}}},"expression":{"not":{"equals":["@outputs('HTTP_-_Get_Content_Blobs_NextPageUri')['headers']?['NextPageUri']","@null"]}},"type":"If"}},"runAfter":{"Set_variable_string_NextPageUri":["Succeeded"]},"expression":"@equals(variables('bool_loopDone'), true)","limit":{"count":60,"timeout":"PT1H"},"type":"Until"}},"runAfter":{"Apply_to_each_-_Get_Content_Blob(s)":["Succeeded"]},"expression":{"not":{"equals":["@outputs('HTTP_-_Get_Content_Blobs')['headers']?['NextPageUri']","@null"]}},"type":"If"}},"runAfter":{"HTTP_-_Start_Subscription":["Succeeded","Failed"]},"type":"Scope"},"Parse_JSON_-_Environment_Variables":{"runAfter":{},"type":"ParseJson","inputs":{"content":{"clientID":"<Your App Client Id here>","clientSecret":"<Your client secret here>","tenantID":"<Your tenant ID here>","workload":"Audit.SharePoint"},"schema":{"properties":{"clientID":{"type":"string"},"clientSecret":{"type":"string"},"tenantID":{"type":"string"},"workload":{"type":"string"}},"type":"object"}}},"Compose_-_startTime_-_utcNow_minus_24_hours_-_yyyy-MM-ddThh:mm":{"runAfter":{"Parse_JSON_-_Environment_Variables":["Succeeded"]},"type":"Compose","inputs":"@formatDateTime(subtractFromTime(utcNow(),24,'Hour'),'yyyy-MM-ddThh:mm')","description":"formatDateTime(subtractFromTime(utcNow(),24,'Hour'),'yyyy-MM-ddThh:mm')"},"Compose_endTime_-_utcNow_-_yyyy-MM-ddThh:mm":{"runAfter":{"Compose_-_startTime_-_utcNow_minus_24_hours_-_yyyy-MM-ddThh:mm":["Succeeded"]},"type":"Compose","inputs":"@formatDateTime(utcNow(), 'yyyy-MM-ddThh:mm')","description":"formatDateTime(utcNow(), 'yyyy-MM-ddThh:mm')"}}},"connectionReferences":{},"flowFailureAlertSubscribed":false}}