{"name":"049b0050-09d2-4e0b-8a88-efef5469716e","id":"/providers/Microsoft.Flow/flows/049b0050-09d2-4e0b-8a88-efef5469716e","type":"Microsoft.Flow/flows","properties":{"apiId":"/providers/Microsoft.PowerApps/apis/shared_logicflows","displayName":"Download M365 Usage Reports","definition":{"metadata":{"workflowEntityId":null,"flowclientsuspensionreason":"None","flowclientsuspensiontime":null,"creator":{"id":"08a5b26d-e908-49af-b8c6-e84d06beda87","type":"User","tenantId":"d2af3166-e76b-4d03-9942-fbc79d6b69f9"},"provisioningMethod":"FromDefinition","failureAlertSubscription":true,"clientLastModifiedTime":"2021-04-19T20:31:43.0902706Z"},"$schema":"https://schema.management.azure.com/providers/Microsoft.Logic/schemas/2016-06-01/workflowdefinition.json#","contentVersion":"1.0.0.0","parameters":{"$connections":{"defaultValue":{},"type":"Object"},"$authentication":{"defaultValue":{},"type":"SecureObject"}},"triggers":{"Recurrence":{"recurrence":{"frequency":"Week","interval":1},"type":"Recurrence"}},"actions":{"Initialize_variable_tenantId":{"runAfter":{},"type":"InitializeVariable","inputs":{"variables":[{"name":"string_tenantId","type":"string","value":"<Enter Your Tenanrt ID Here>"}]}},"Initialize_variable_clientId":{"runAfter":{"Initialize_variable_tenantId":["Succeeded"]},"type":"InitializeVariable","inputs":{"variables":[{"name":"string_clientid","type":"string","value":"<Enter Your Client ID Here>"}]}},"Initialize_clientSecret":{"runAfter":{"Initialize_variable_clientId":["Succeeded"]},"type":"InitializeVariable","inputs":{"variables":[{"name":"string_clientSecret","type":"string","value":"<Enter Your Client Secret Here>"}]}},"Compose_M365_Report_Urls":{"runAfter":{"Initialize_clientSecret":["Succeeded"]},"type":"Compose","inputs":["https://graph.microsoft.com/v1.0/reports/getSharePointSiteUsageDetail(period='D7')","https://graph.microsoft.com/v1.0/reports/getSharePointSiteUsageFileCounts(period='D7')","https://graph.microsoft.com/v1.0/reports/getSharePointSiteUsageSiteCounts(period='D7')","https://graph.microsoft.com/v1.0/reports/getSharePointSiteUsageStorage(period='D7')","https://graph.microsoft.com/v1.0/reports/getSharePointSiteUsagePages(period='D7')","https://graph.microsoft.com/v1.0/reports/getSharePointActivityUserDetail(period='D7')","https://graph.microsoft.com/v1.0/reports/getSharePointActivityFileCounts(period='D7')","https://graph.microsoft.com/v1.0/reports/getSharePointActivityUserCounts(period='D7')","https://graph.microsoft.com/v1.0/reports/getSharePointActivityPages(period='D7')","https://graph.microsoft.com/v1.0/reports/getOneDriveActivityUserDetail(period='D7')","https://graph.microsoft.com/v1.0/reports/getOneDriveActivityUserCounts(period='D7')","https://graph.microsoft.com/v1.0/reports/getOneDriveActivityFileCounts(period='D7')","https://graph.microsoft.com/v1.0/reports/getOneDriveUsageAccountDetail(period='D7')","https://graph.microsoft.com/v1.0/reports/getOneDriveUsageAccountCounts(period='D7')","https://graph.microsoft.com/v1.0/reports/getOneDriveUsageFileCounts(period='D7')","https://graph.microsoft.com/v1.0/reports/getOneDriveUsageStorage(period='D7')"],"description":"Modify this JSON Array to add all of the M365 usage report request URLs that you wish to retrive. Currently configured for all SharePoint and OneDrive reports but could be modified to get Teams reports etc."},"HTTP_-_Login_Microsoft_Graph_Using_Application":{"runAfter":{"Compose_M365_Report_Urls":["Succeeded"]},"type":"Http","inputs":{"method":"POST","uri":"https://login.microsoftonline.com/@{variables('string_tenantId')}/oauth2/token","headers":{"Content-Type":"application/x-www-form-urlencoded"},"body":"client_id=@{variables('string_clientid')}&client_secret=@{variables('string_clientSecret')}&resource=https://graph.microsoft.com&grant_type=client_credentials&"}},"Apply_to_each_-_Report_Url":{"foreach":"@array(outputs('Compose_M365_Report_Urls'))","actions":{"HTTP__-_Download_CSV_File_of_Report":{"runAfter":{"HTTP_-_Request_M365_Usage_Report":["Succeeded","Failed"]},"type":"Http","inputs":{"method":"GET","uri":"@{outputs('HTTP_-_Request_M365_Usage_Report')['headers']['location']}"},"description":"This downloads the file using pre-authenticated download url generated from the previous report. This action must be configured to run after the previous action has failed."},"HTTP_-_Request_M365_Usage_Report":{"runAfter":{},"type":"Http","inputs":{"method":"GET","uri":"@{item()}","headers":{"Authorization":"@{concat(body('HTTP_-_Login_Microsoft_Graph_Using_Application')['token_type'],' ',body('HTTP_-_Login_Microsoft_Graph_Using_Application')['access_token'])}"}},"description":"This requests the relevant M365 report i.e. getSharePointActivityFileCounts & if successful returns a 302 Found response that redirects to a pre-authenticated download url for the report. Power Automate interprets this as an error but can be ignored."},"Upload_File_to_SharePoint":{"runAfter":{"HTTP__-_Download_CSV_File_of_Report":["Succeeded"]},"type":"OpenApiConnection","inputs":{"host":{"apiId":"/providers/Microsoft.PowerApps/apis/shared_sharepointonline","connectionName":"shared_sharepointonline","operationId":"CreateFile"},"parameters":{"dataset":"https://leonarmstondev.sharepoint.com/sites/Reports","folderPath":"/Shared Documents","name":"@concat(\r\n\tformatDateTime(utcNow(), 'yyyyMMddHHmmss'),\r\n\t'-',\r\n\treplace(first(split(item(),'(')),'https://graph.microsoft.com/v1.0/reports/',''),\r\n\t'.csv'\r\n)","body":"@body('HTTP__-_Download_CSV_File_of_Report')"},"authentication":"@parameters('$authentication')"},"runtimeConfiguration":{"contentTransfer":{"transferMode":"Chunked"}}}},"runAfter":{"HTTP_-_Login_Microsoft_Graph_Using_Application":["Succeeded"]},"type":"Foreach"}}},"connectionReferences":{"shared_sharepointonline":{"connectionName":"90271e77a5784affa7bbdd7cdc16f4ed","source":"Embedded","id":"/providers/Microsoft.PowerApps/apis/shared_sharepointonline","tier":"NotSpecified"}},"flowFailureAlertSubscribed":false}}